{"_id":{"$oid":"64d5c7fd03ec5217e5ac1382"},"date":"2023-08-11","dla":{"$numberInt":"37"},"traceability":"0.026","prod":{"$numberInt":"2"},"prod_critical":{"$numberInt":"0"},"uat":{"$numberInt":"0"},"uat_critical":{"$numberInt":"0"},"builds today":{"$numberInt":"0"},"test cases passed":{"$numberInt":"12"},"test cases failed":{"$numberInt":"4"},"test cases blocked":{"$numberInt":"0"},"untested test cases":{"$numberInt":"356"},"total test cases":{"$numberInt":"372"},"auto test passed":{"$numberInt":"35"},"auto test failed":{"$numberInt":"3"},"auto test blocked":{"$numberInt":"0"},"auto untested test":{"$numberInt":"303"},"passed percentage":{"$numberInt":"3"},"auto passed percentage":{"$numberInt":"10"},"total prod":{"$numberInt":"8"},"total uat":{"$numberInt":"29"},"automation done":{"$numberInt":"91"},"release readiness":{"$numberDouble":"67.35933333333334"},"burn down":{"$numberDouble":"50.45045045045045"}}